id_num,id
0,ek8uxx4
1,ek9juvk
2,ek9lg4h
3,ek9tfzc
4,eka7qol
5,ekac5im
6,ekanwtv
7,ekanxm8
8,ekaxuee
9,ekbq2c2
10,eqlzopb
11,eqodd6n
12,eqq9yaq
13,eqrovgq
14,eqsouqy
15,eqsqxpf
16,eqst1mt
17,eqstlv9
18,eqsvy3r
19,eqswlh4
20,eqsxdfy
21,eqsz8fh
22,et9gwf2
23,et9kpvn
24,eta4bpq
25,fspuc3z
26,fspuq8j
27,fspvwqp
28,fspw13r
29,fspyt3t
30,fsq267v
31,fsq3b5n
32,fsqaade
33,fsqjmw7
34,fsqv3y2
35,fsr1i4z
36,fsr1owa
37,fsr1vo3
38,fsr1x8t
39,fsr1xgc
40,fsr2968
41,fsr2af7
42,fsr8s1q
43,fsr917i
44,fsrcfx1
45,fsrfk8x
46,fsrfra4
47,fsrzprm
48,fss3u9m
49,fss4p5i
50,fss5alj
51,fss7fak
52,fss9hqk
53,fst2rh6
54,fst6tci
55,fstid60
56,fstimja
57,fstj7ua
58,fstl5hw
59,fsu3fhf
60,fsuuyr3
61,fswp2ge
62,fsyodw1
63,fsz3jw1
64,fsz8kfp
65,ft9a1hx
66,ft9iy3e
67,ftal7it
68,ftaraab
69,ftbqrpe
70,ftbrawx
71,ftcewax
72,ftd18eo
73,ftd1z8c
74,ftd236a
75,ftd3y6r
76,ftd52i3
77,ftdb99f
78,ftdcaw5
79,ftde4zt
80,ftdeigp
81,ftdekdb
82,ftdj3xo
83,ftdjaw2
84,ftdjjdy
85,ftdmmg2
86,fte3s7o
87,fte99c1
88,ftefx50
89,fteg9hm
90,ftegcpe
91,fteggi3
92,ftegl6c
93,ftegpv3
94,ftfq24t
95,ftfrgga
96,ftfsgg6
97,ftftgbg
98,ftfugd5
99,ftfw4fs
100,ftg43sd
101,ftg5szj
102,ftg7zu0
103,ftg8on2
104,ftgb6zy
105,ftgehu1
106,fth3l4r
107,fth3v5c
108,fth3zlp
109,fth43m6
110,fth4hh9
111,fth4ptq
112,fth4w3g
113,fth603e
114,fth6mjl
115,fth7kp6
116,fth7ova
117,fth7qv6
118,fth8hw7
119,fth8qc5
120,fth8tdg
121,fth90mq
122,ftha26b
123,fthekt7
124,fthfqa2
125,fthfruu
126,fthglbw
127,fthh7l8
128,fthhk0x
129,fthhmoo
130,fthikn6
131,fthka1m
132,fthkki6
133,fthkqxm
134,fthlp7w
135,fthnw8n
136,fthpfdq
137,fthrw6g
138,fthryqd
139,fths4p1
140,fths9i2
141,fthsdfu
142,ftht5aa
143,fthtshc
144,fthuv45
145,fthwilf
146,ftjk2ag
147,ftk2t1r
148,ftkmsmp
149,ftkyhy0
150,ftl3ori
151,ftl47m9
152,ftlu08a
153,ful4s85
154,fxg5t4h
155,fxqgrm8
156,fy2xwjl
157,fy2xxg9
158,fy2zqcu
