author,created_utc,id,subreddit,title
EricAllonde,2020-01-12 01:52:39,enh2x6,MensRights,"8 facts about American dads | Including the fact that dads work 4 hours per week more than moms when housework and childcare are included, debunking a common feminist whine about men."
PeonSupreme,2020-01-12 20:53:43,ent9oj,MensRights,"Men should never defend themselves against violent women. Also, real men are feminists."
PeonSupreme,2020-01-13 23:35:18,eochnf,MensRights,CNN Cites Four Anonymous Sources With No Direct Knowledge In Order To Call Bernie Sanders Sexist
PeonSupreme,2020-01-14 00:02:40,eocv78,MensRights,Woman hates men who ask for consent
dontpet,2020-01-14 16:41:23,eonp4f,MensRights,"Dear Men: So you think you want a ‘strong, independent woman’"
PeonSupreme,2020-06-15 04:31:23,h98ym5,MensRights,Feminist groups launch lawsuit against new rules on sexual assault investigations in college: “Requiring schools to presume the alleged harasser is not responsible and requiring live hearings with direct cross-examination” is “inappropriate and unfair.”
JackFisherBooks,2020-06-17 09:45:32,hao4ep,MensRights,What's The Coolest Thing Your Dad Has Ever Done? (Reddit Stories)
againstthe,2020-07-12 19:40:15,hq0khg,MensRights,So this is the justification for violent language? You want to kill men but won’t actually because ‘patriarchy’ wouldn’t allow you to? If you were so ‘powerless’ you wouldn’t have the freedom to threaten genocide against an entire group of people and face zero repercussions
goodmod,2020-07-12 22:08:04,hq34fl,MensRights,"""Toxic masculinity"" should be rebranded as ""toxic expectations on men"": This could have a big impact if we help spread the word"
mhandanna,2020-07-13 02:26:30,hq7385,MensRights,Vice President of National Coaltion for Men Was Murdered Today - Here he is on the Red Pill Documentary. Thoughts and Prays for his Family. He was a lawyer who secured major wins for the rights of men and boys that everyone in society benifits from. Im shocked at his tragic murder
Oncefa2,2020-07-14 20:25:04,hr97o8,MensRights,The reason we have more mothers raising their children than fathers is because society facilitates motherhood more than it does fatherhood
JohnKimble111,2020-07-14 21:17:56,hra80n,MensRights,"Men's rights activist attorney Marc Angelucci, 52, was fighting 'landgrab' of man falsely accused of rape and appeared in court a day before he was fatally shot in what friends say could be targeted 'hit'"
PeonSupreme,2020-07-14 22:38:04,hrboi7,MensRights,She Claimed He Raped Her And He Was Arrested. She Was Soon Charged With Filing A False Police Report.
Maito_Guy,2020-07-15 07:33:50,hrj9pr,MensRights,Andrea Dworkin misquoted
OkLetterhead9,2020-07-15 10:33:53,hrl7zr,MensRights,"According to google translator ""sexist stereotype"" in arabic is ""sexist stereotypes biased against women"" !! apparently only women are victims of sexist stereotypes not men !"
